algorithm,communities,modularity,conductance
Leiden,6,0.44295038500897455,0.30427613943965254
Louvain,8,0.5138368371267065,0.29913638609462057
Label Propagation,9,0.3195723222599835,0.2720894919675026
